category,augmentation,image,mean_iou,mean_boundary_iou,orig_mask_count,aug_mask_count,mask_count_diff
Dog,Gaussian,Dog_0000,0.8198089608086468,0.45329948761668004,36,41,5
Dog,Gaussian,Dog_0001,0.5349236871954838,0.26099425900598067,27,35,8
Dog,Gaussian,Dog_0002,0.6100287749714456,0.27967198245250174,11,8,-3
Dog,Gaussian,Dog_0003,0.40772777187811726,0.23700299136910707,23,16,-7
Dog,Gaussian,Dog_0004,0.6938458514067178,0.36006992154263057,120,107,-13
Dog,Gaussian,Dog_0005,0.7554287842578821,0.35874283987746125,6,8,2
Dog,Gaussian,Dog_0006,0.6038418592240662,0.3647285865122147,57,59,2
Dog,Gaussian,Dog_0007,0.7461836408559389,0.4358619358114512,29,27,-2
Dog,Gaussian,Dog_0008,0.6858541842348908,0.3698929789317263,138,115,-23
Dog,Gaussian,Dog_0009,0.4246350527091839,0.23308369005659008,25,15,-10
Dog,Gaussian,Dog_0010,0.4554833158797773,0.27491694326467564,21,24,3
Dog,Gaussian,Dog_0011,0.6279242543036437,0.3840704160703719,23,32,9
Dog,Gaussian,Dog_0012,0.4128013533276041,0.15819425228622747,12,19,7
Dog,Gaussian,Dog_0013,0.7087243373496185,0.4577959920880764,72,78,6
Dog,Gaussian,Dog_0014,0.6942395148760138,0.33392607891797327,23,22,-1
Dog,Gaussian,Dog_0015,0.5537377847024375,0.33674328835078704,42,35,-7
Dog,Gaussian,Dog_0016,0.5717577415134688,0.2874426048662541,36,31,-5
Dog,Gaussian,Dog_0017,0.7495627679962874,0.46063227795831774,41,38,-3
Dog,Gaussian,Dog_0018,0.48883571262368175,0.25425219124011067,142,110,-32
Dog,Gaussian,Dog_0019,0.5646819532184089,0.31254910062054514,57,42,-15
Dog,Gaussian,Dog_0020,0.593692872820326,0.3244128462988742,56,75,19
Dog,Gaussian,Dog_0021,0.6621711971901507,0.3700280687374115,26,22,-4
Dog,Gaussian,Dog_0022,0.3334028596943593,0.07260232882872127,12,8,-4
Dog,Gaussian,Dog_0023,0.6917077278805228,0.39045909827807956,15,12,-3
Dog,Gaussian,Dog_0024,0.4519435791187596,0.31606296757050656,51,33,-18
Dog,Gaussian,Dog_0025,0.676171409606154,0.39830326265189975,13,15,2
Dog,Gaussian,Dog_0026,0.46044114959906474,0.17190066611927435,12,9,-3
Dog,Gaussian,Dog_0027,0.8379958118577711,0.4057921982747602,17,26,9
Dog,Gaussian,Dog_0028,0.7612223542705232,0.4955561360787413,47,47,0
Dog,Gaussian,Dog_0029,0.47738183841667237,0.2699062792765346,16,11,-5
Dog,Gaussian,Dog_0030,0.7525185921817557,0.37064309558407904,10,9,-1
Dog,Gaussian,Dog_0031,0.7236742318443693,0.38426420906087666,36,40,4
Dog,Gaussian,Dog_0032,0.48575321727371906,0.28248950852600807,46,32,-14
Dog,Gaussian,Dog_0033,0.5223974883368164,0.29031416956751255,27,28,1
Dog,Gaussian,Dog_0034,0.8230081502746779,0.48070698062052825,14,14,0
Dog,Gaussian,Dog_0035,0.7087435009470446,0.39992539661560117,77,96,19
Dog,Gaussian,Dog_0036,0.6138947639169791,0.37025116638951167,49,46,-3
Dog,Gaussian,Dog_0037,0.789930561620673,0.37766704438090526,10,11,1
Dog,Gaussian,Dog_0038,0.6365635786449195,0.2860502013179072,38,42,4
Dog,Gaussian,Dog_0039,0.6924507456529265,0.3663604159888884,59,58,-1
Dog,Motion,Dog_0000,0.454256223706816,0.10438191056336579,36,33,-3
Dog,Motion,Dog_0001,0.37229026366411877,0.15350070961516413,27,28,1
Dog,Motion,Dog_0002,0.5161991463808199,0.1673809027537079,11,9,-2
Dog,Motion,Dog_0003,0.17023435892188282,0.06877944483628841,23,14,-9
Dog,Motion,Dog_0004,0.30153684973729233,0.06751159587430214,120,67,-53
Dog,Motion,Dog_0005,0.7306293882105824,0.27668175286588853,6,6,0
Dog,Motion,Dog_0006,0.37914609622917866,0.15166862333377618,57,38,-19
Dog,Motion,Dog_0007,0.5311584745737882,0.12522540792146347,29,24,-5
Dog,Motion,Dog_0008,0.17631766208877162,0.05712868783029369,138,38,-100
Dog,Motion,Dog_0009,0.24863011995539241,0.10319136250067693,25,9,-16
Dog,Motion,Dog_0010,0.28101546365506413,0.12220599498483065,21,19,-2
Dog,Motion,Dog_0011,0.4220402581717125,0.20089448926901382,23,26,3
Dog,Motion,Dog_0012,0.15499372183393467,0.04138612347463285,12,11,-1
Dog,Motion,Dog_0013,0.47447606760523964,0.20927304941825342,72,59,-13
Dog,Motion,Dog_0014,0.49743378883193007,0.17039121855616532,23,17,-6
Dog,Motion,Dog_0015,0.3705652351832662,0.169409264036024,42,32,-10
Dog,Motion,Dog_0016,0.28808749577138215,0.10790166138258304,36,21,-15
Dog,Motion,Dog_0017,0.5528069761649407,0.2160630741621754,41,35,-6
Dog,Motion,Dog_0018,0.22285308597313724,0.08519317989380715,142,61,-81
Dog,Motion,Dog_0019,0.4013783484158395,0.08523176985135535,57,44,-13
Dog,Motion,Dog_0020,0.43347030197106035,0.13140000786051795,56,45,-11
Dog,Motion,Dog_0021,0.5152438796728097,0.19209505630984597,26,22,-4
Dog,Motion,Dog_0022,0.08289812813648494,0.014322865398064662,12,4,-8
Dog,Motion,Dog_0023,0.5142075287584491,0.1615626722752462,15,14,-1
Dog,Motion,Dog_0024,0.2879500433550165,0.09927785127076123,51,34,-17
Dog,Motion,Dog_0025,0.3614786957175739,0.12755393909003188,13,8,-5
Dog,Motion,Dog_0026,0.43420065943431646,0.12266908123499064,12,11,-1
Dog,Motion,Dog_0027,0.44950231446135636,0.2575421012122283,17,16,-1
Dog,Motion,Dog_0028,0.4398138537076909,0.17540795934896977,47,36,-11
Dog,Motion,Dog_0029,0.23095932027069052,0.05353949385639045,16,6,-10
Dog,Motion,Dog_0030,0.11134580624196033,0.044780655732854655,10,6,-4
Dog,Motion,Dog_0031,0.4980757287006734,0.19303069517220764,36,29,-7
Dog,Motion,Dog_0032,0.344977977082947,0.1258851795877687,46,23,-23
Dog,Motion,Dog_0033,0.24589324808604723,0.13158870768685427,27,20,-7
Dog,Motion,Dog_0034,0.3132824582301755,0.10619119613243853,14,8,-6
Dog,Motion,Dog_0035,0.4251308236848127,0.19583677223844287,77,59,-18
Dog,Motion,Dog_0036,0.47106107557880755,0.17450258513634664,49,43,-6
Dog,Motion,Dog_0037,0.5254553283002926,0.19283267161012108,10,10,0
Dog,Motion,Dog_0038,0.3550297165643313,0.1203851170204559,38,33,-5
Dog,Motion,Dog_0039,0.40513222118610637,0.12389683500102273,59,42,-17
Dog,Compression,Dog_0000,0.3649544580173536,0.21397956673346843,36,39,3
Dog,Compression,Dog_0001,0.07057222577509273,0.028541564223293927,27,21,-6
Dog,Compression,Dog_0002,0.09682174614381688,0.023211000032475167,11,23,12
Dog,Compression,Dog_0003,0.14899880606962143,0.05729199140852789,23,37,14
Dog,Compression,Dog_0004,0.05667064073336379,0.0228561863016697,120,25,-95
Dog,Compression,Dog_0005,0.657466456382446,0.17420653325643523,6,7,1
Dog,Compression,Dog_0006,0.18952072507581583,0.08472362099117978,57,40,-17
Dog,Compression,Dog_0007,0.3492495436458162,0.18151652083452074,29,33,4
Dog,Compression,Dog_0008,0.10907154052627303,0.05191959080910622,138,27,-111
Dog,Compression,Dog_0009,0.14368841378388714,0.04019780425209987,25,34,9
Dog,Compression,Dog_0010,0.2580340415060132,0.1190274761362063,21,31,10
Dog,Compression,Dog_0011,0.1643021585854646,0.07066374760109181,23,33,10
Dog,Compression,Dog_0012,0.24483597405622118,0.08063914584109282,12,34,22
Dog,Compression,Dog_0013,0.09027623163992365,0.02748589241504717,72,18,-54
Dog,Compression,Dog_0014,0.16124528434956986,0.04225479009399723,23,17,-6
Dog,Compression,Dog_0015,0.17335549301312572,0.08449545959170174,42,36,-6
Dog,Compression,Dog_0016,0.1784822071040327,0.0619242130448935,36,21,-15
Dog,Compression,Dog_0017,0.16806350957299113,0.07271028340839744,41,50,9
Dog,Compression,Dog_0018,0.4131177219949542,0.22239941707021327,142,104,-38
Dog,Compression,Dog_0019,0.2663145174721968,0.06891890570868363,57,52,-5
Dog,Compression,Dog_0020,0.2216453726938807,0.09067413598454023,56,45,-11
Dog,Compression,Dog_0021,0.45402279735459256,0.19665255281525088,26,43,17
Dog,Compression,Dog_0022,0.07710977300138612,0.013055902633162107,12,4,-8
Dog,Compression,Dog_0023,0.33394635418212965,0.10315092618090597,15,39,24
Dog,Compression,Dog_0024,0.26572491127827125,0.12896448069385288,51,26,-25
Dog,Compression,Dog_0025,0.4055120101938956,0.18001015920580435,13,17,4
Dog,Compression,Dog_0026,0.1633492108942592,0.04767487776307768,12,30,18
Dog,Compression,Dog_0027,0.35222247478767854,0.17156628752196493,17,13,-4
Dog,Compression,Dog_0028,0.442234549545757,0.18338718031777299,47,59,12
Dog,Compression,Dog_0029,0.3584955959676175,0.20528018454580188,16,11,-5
Dog,Compression,Dog_0030,0.15016912691479825,0.08381037408322775,10,16,6
Dog,Compression,Dog_0031,0.4256781794222167,0.23155989374171548,36,26,-10
Dog,Compression,Dog_0032,0.17788776235018416,0.05356470261253371,46,24,-22
Dog,Compression,Dog_0033,0.23429337565826588,0.10985797781488352,27,52,25
Dog,Compression,Dog_0034,0.19677904430586657,0.07836278173250562,14,28,14
Dog,Compression,Dog_0035,0.17127433394753494,0.05260292310062973,77,43,-34
Dog,Compression,Dog_0036,0.3124188799032053,0.12825365509959188,49,33,-16
Dog,Compression,Dog_0037,0.11632423300377215,0.009109025448105127,10,23,13
Dog,Compression,Dog_0038,0.17400297634613143,0.06626246413031202,38,17,-21
Dog,Compression,Dog_0039,0.4057749316013712,0.2063743378883244,59,62,3
Dog,All,Dog_0000,0.054553884338537785,0.0077856796148393515,36,33,-3
Dog,All,Dog_0001,0.06977925749735654,0.01242004531525555,27,40,13
Dog,All,Dog_0002,0.08793582530287226,0.006626946515028534,11,28,17
Dog,All,Dog_0003,0.08450050262716698,0.018427036687062172,23,41,18
Dog,All,Dog_0004,0.041008228295533446,0.006649308806578861,120,42,-78
Dog,All,Dog_0005,0.1887326164374302,0.02982456140350877,6,19,13
Dog,All,Dog_0006,0.05446248307775281,0.01335729719464504,57,41,-16
Dog,All,Dog_0007,0.12941953647464916,0.023518586384402695,29,32,3
Dog,All,Dog_0008,0.03067651095846983,0.004450698790674373,138,14,-124
Dog,All,Dog_0009,0.04463535771363223,0.005633383857627494,25,55,30
Dog,All,Dog_0010,0.02715321847686684,0.01204061342663508,21,48,27
Dog,All,Dog_0011,0.16346988865192416,0.02988278053741622,23,46,23
Dog,All,Dog_0012,0.10821972445504657,0.03382162831630219,12,34,22
Dog,All,Dog_0013,0.06129110009845925,0.010767666772134997,72,30,-42
Dog,All,Dog_0014,0.11656643466957718,0.02212514629001033,23,41,18
Dog,All,Dog_0015,0.06372322731158289,0.01558753547291225,42,52,10
Dog,All,Dog_0016,0.06592055643892829,0.014555818861403665,36,25,-11
Dog,All,Dog_0017,0.12529376588350888,0.02353573104622428,41,42,1
Dog,All,Dog_0018,0.10266722764942589,0.026457659149586123,142,37,-105
Dog,All,Dog_0019,0.16056339394183103,0.025706833321068497,57,63,6
Dog,All,Dog_0020,0.04353385122588847,0.014449519599754804,56,43,-13
Dog,All,Dog_0021,0.12440334829358513,0.024162390821591627,26,47,21
Dog,All,Dog_0022,0.07680097080190769,0.007628562577447336,12,12,0
Dog,All,Dog_0023,0.1065837124457905,0.030482140350173485,15,30,15
Dog,All,Dog_0024,0.10658839953483752,0.031655144954872566,51,22,-29
Dog,All,Dog_0025,0.19094893424225048,0.03568453168468376,13,15,2
Dog,All,Dog_0026,0.24113423086337274,0.03449478104885466,12,28,16
Dog,All,Dog_0027,0.1953063707929871,0.0014586472177490182,17,18,1
Dog,All,Dog_0028,0.20410102380548034,0.052377344870944684,47,59,12
Dog,All,Dog_0029,0.15951005006604252,0.0192747570773375,16,13,-3
Dog,All,Dog_0030,0.13099726726240318,0.03357217178802939,10,21,11
Dog,All,Dog_0031,0.17564050462372444,0.0436569400225195,36,20,-16
Dog,All,Dog_0032,0.12704802372941823,0.017943671095701795,46,34,-12
Dog,All,Dog_0033,0.12467936449464602,0.03868509186064434,27,35,8
Dog,All,Dog_0034,0.009427965600612995,0.00033865778630693685,14,27,13
Dog,All,Dog_0035,0.07239873326643131,0.01533343814040209,77,36,-41
Dog,All,Dog_0036,0.07985963464289227,0.025946817161408592,49,21,-28
Dog,All,Dog_0037,0.16709856525007902,0.010536762331993174,10,23,13
Dog,All,Dog_0038,0.0647427147821904,0.01306533966664702,38,21,-17
Dog,All,Dog_0039,0.11027156898007348,0.02171724085931865,59,29,-30
Mobile_phone,Gaussian,Mobile_phone_0000,0.5448836823301725,0.26623857461906203,24,16,-8
Mobile_phone,Gaussian,Mobile_phone_0001,0.5657991757328731,0.2916351294208841,51,37,-14
Mobile_phone,Gaussian,Mobile_phone_0002,0.7574950325661248,0.29065580926745477,54,49,-5
Mobile_phone,Gaussian,Mobile_phone_0003,0.6477375544549362,0.32581670373255694,41,39,-2
Mobile_phone,Gaussian,Mobile_phone_0004,0.803715893955815,0.4618806935871243,37,34,-3
Mobile_phone,Gaussian,Mobile_phone_0005,0.9456715031079224,0.41783605275027097,5,6,1
Mobile_phone,Gaussian,Mobile_phone_0006,0.7249080943345985,0.3933565272581441,54,54,0
Mobile_phone,Gaussian,Mobile_phone_0007,0.48099165074213845,0.11847917665742562,60,46,-14
Mobile_phone,Gaussian,Mobile_phone_0008,0.19380641449847275,0.11793572351588254,66,26,-40
Mobile_phone,Gaussian,Mobile_phone_0009,0.6248282995736157,0.3136369092886747,60,52,-8
Mobile_phone,Gaussian,Mobile_phone_0010,0.731249341355702,0.3498477537150431,71,56,-15
Mobile_phone,Gaussian,Mobile_phone_0011,0.543421474842418,0.27980055925118247,27,21,-6
Mobile_phone,Gaussian,Mobile_phone_0012,0.48401785471470177,0.2824852012812074,73,51,-22
Mobile_phone,Gaussian,Mobile_phone_0013,0.6706763585428887,0.26388701170688694,48,43,-5
Mobile_phone,Gaussian,Mobile_phone_0014,0.6572398392617727,0.3935007338284621,61,54,-7
Mobile_phone,Gaussian,Mobile_phone_0015,0.5882850239755698,0.3244963392645614,101,81,-20
Mobile_phone,Gaussian,Mobile_phone_0016,0.7234766969012956,0.33460242738537654,66,62,-4
Mobile_phone,Gaussian,Mobile_phone_0017,0.8044416773545688,0.4285615977880758,10,12,2
Mobile_phone,Gaussian,Mobile_phone_0018,0.7410651458151054,0.4715599054263122,50,53,3
Mobile_phone,Gaussian,Mobile_phone_0019,0.6951528874212957,0.4035624116666067,54,55,1
Mobile_phone,Gaussian,Mobile_phone_0020,0.702276714770646,0.3331078605047482,35,33,-2
Mobile_phone,Gaussian,Mobile_phone_0021,0.5130327414334798,0.22432778289208144,46,42,-4
Mobile_phone,Gaussian,Mobile_phone_0022,0.6733176501081721,0.3974722347289664,54,46,-8
Mobile_phone,Gaussian,Mobile_phone_0023,0.5605999990155706,0.307664334957716,37,29,-8
Mobile_phone,Gaussian,Mobile_phone_0024,0.6618979110661737,0.3339318924407098,40,38,-2
Mobile_phone,Gaussian,Mobile_phone_0025,0.5812912116523529,0.33657751333937047,38,30,-8
Mobile_phone,Gaussian,Mobile_phone_0026,0.7103682986081935,0.44259040684718975,23,21,-2
Mobile_phone,Gaussian,Mobile_phone_0027,0.5769467689605834,0.31733133767885,47,34,-13
Mobile_phone,Gaussian,Mobile_phone_0028,0.631833414166915,0.2733531931178199,124,98,-26
Mobile_phone,Gaussian,Mobile_phone_0029,0.8379522127178805,0.47230828467539837,31,41,10
Mobile_phone,Gaussian,Mobile_phone_0030,0.6595474269104171,0.30584795015209765,27,23,-4
Mobile_phone,Gaussian,Mobile_phone_0031,0.7819894509359144,0.36612010134569845,79,80,1
Mobile_phone,Gaussian,Mobile_phone_0032,0.6764896820366748,0.3079415441076967,35,42,7
Mobile_phone,Gaussian,Mobile_phone_0033,0.4963479262734647,0.2660430511730573,42,38,-4
Mobile_phone,Gaussian,Mobile_phone_0034,0.7548603417811329,0.41576257577986275,30,34,4
Mobile_phone,Gaussian,Mobile_phone_0035,0.7312175544520805,0.5199703559848899,75,58,-17
Mobile_phone,Gaussian,Mobile_phone_0036,0.6051626818962277,0.3191714250897388,61,49,-12
Mobile_phone,Gaussian,Mobile_phone_0037,0.585891932085794,0.3056667220023568,18,11,-7
Mobile_phone,Gaussian,Mobile_phone_0038,0.5360433985867725,0.25313963312973536,92,91,-1
Mobile_phone,Gaussian,Mobile_phone_0039,0.5171558788805267,0.15560201772903653,54,78,24
Mobile_phone,Motion,Mobile_phone_0000,0.255597602669718,0.11559210153589582,24,16,-8
Mobile_phone,Motion,Mobile_phone_0001,0.44762293978182405,0.1594913588781408,51,32,-19
Mobile_phone,Motion,Mobile_phone_0002,0.5280446191624113,0.18325742202672668,54,41,-13
Mobile_phone,Motion,Mobile_phone_0003,0.41129497667579384,0.10685183167209548,41,26,-15
Mobile_phone,Motion,Mobile_phone_0004,0.3986520936731571,0.05910455801620287,37,21,-16
Mobile_phone,Motion,Mobile_phone_0005,0.7370036754147216,0.1756151496071182,5,4,-1
Mobile_phone,Motion,Mobile_phone_0006,0.44396067370209497,0.13638699063186874,54,45,-9
Mobile_phone,Motion,Mobile_phone_0007,0.24057783483004086,0.052948858087644636,60,57,-3
Mobile_phone,Motion,Mobile_phone_0008,0.08267925742582853,0.03340013128558229,66,40,-26
Mobile_phone,Motion,Mobile_phone_0009,0.39468330499524545,0.15007129778152856,60,43,-17
Mobile_phone,Motion,Mobile_phone_0010,0.21337933922742658,0.06586660346724213,71,24,-47
Mobile_phone,Motion,Mobile_phone_0011,0.2502078238134093,0.06363159637744004,27,12,-15
Mobile_phone,Motion,Mobile_phone_0012,0.30350794835480716,0.11877047826794021,73,34,-39
Mobile_phone,Motion,Mobile_phone_0013,0.5453311682111851,0.1989678559527193,48,38,-10
Mobile_phone,Motion,Mobile_phone_0014,0.36162388845911025,0.15754879794808072,61,38,-23
Mobile_phone,Motion,Mobile_phone_0015,0.40716126739683456,0.1804548572851147,101,66,-35
Mobile_phone,Motion,Mobile_phone_0016,0.45935811174283336,0.12713724913587773,66,48,-18
Mobile_phone,Motion,Mobile_phone_0017,0.6100000900752012,0.23208187574061143,10,9,-1
Mobile_phone,Motion,Mobile_phone_0018,0.17303391933556014,0.0781286246704341,50,15,-35
Mobile_phone,Motion,Mobile_phone_0019,0.48302533634935907,0.13662340158362848,54,52,-2
Mobile_phone,Motion,Mobile_phone_0020,0.4985193185183182,0.245647961976224,35,24,-11
Mobile_phone,Motion,Mobile_phone_0021,0.3243160900030799,0.08662763955323081,46,40,-6
Mobile_phone,Motion,Mobile_phone_0022,0.4788015061680259,0.18206550696291773,54,37,-17
Mobile_phone,Motion,Mobile_phone_0023,0.45486352092444027,0.10197121756600572,37,31,-6
Mobile_phone,Motion,Mobile_phone_0024,0.41932587260721005,0.1480033295173319,40,37,-3
Mobile_phone,Motion,Mobile_phone_0025,0.3639796682646279,0.12718844703046822,38,22,-16
Mobile_phone,Motion,Mobile_phone_0026,0.3594668202160642,0.11481375037328463,23,16,-7
Mobile_phone,Motion,Mobile_phone_0027,0.46314572824701583,0.20350588058504787,47,32,-15
Mobile_phone,Motion,Mobile_phone_0028,0.2887003594030882,0.0817881070330745,124,110,-14
Mobile_phone,Motion,Mobile_phone_0029,0.3346899659139702,0.09791371780620173,31,24,-7
Mobile_phone,Motion,Mobile_phone_0030,0.40903497607839323,0.15413265061685463,27,19,-8
Mobile_phone,Motion,Mobile_phone_0031,0.519834424874342,0.1714464165922463,79,71,-8
Mobile_phone,Motion,Mobile_phone_0032,0.3175178592852623,0.0653862111001496,35,28,-7
Mobile_phone,Motion,Mobile_phone_0033,0.26103279642021765,0.10204670964093616,42,44,2
Mobile_phone,Motion,Mobile_phone_0034,0.25819277522999406,0.09464496314286407,30,16,-14
Mobile_phone,Motion,Mobile_phone_0035,0.4407255057644549,0.1747056008468932,75,53,-22
Mobile_phone,Motion,Mobile_phone_0036,0.4321035928537651,0.15635737496861118,61,42,-19
Mobile_phone,Motion,Mobile_phone_0037,0.38877339176398185,0.09881759818288947,18,10,-8
Mobile_phone,Motion,Mobile_phone_0038,0.17620703425591244,0.04888240306053384,92,55,-37
Mobile_phone,Motion,Mobile_phone_0039,0.4313054808564324,0.1469018478857664,54,62,8
Mobile_phone,Compression,Mobile_phone_0000,0.33181884493763164,0.16242867827989435,24,31,7
Mobile_phone,Compression,Mobile_phone_0001,0.5361389136967629,0.31362780428050463,51,64,13
Mobile_phone,Compression,Mobile_phone_0002,0.8381346612838722,0.5745130166960245,54,64,10
Mobile_phone,Compression,Mobile_phone_0003,0.3797914302017599,0.17937558989772354,41,35,-6
Mobile_phone,Compression,Mobile_phone_0004,0.6518217977380022,0.23207243779315537,37,30,-7
Mobile_phone,Compression,Mobile_phone_0005,0.7820305039034661,0.40815461958732363,5,6,1
Mobile_phone,Compression,Mobile_phone_0006,0.5134494216102946,0.2659285722775505,54,55,1
Mobile_phone,Compression,Mobile_phone_0007,0.11351563851293411,0.029231395870537653,60,48,-12
Mobile_phone,Compression,Mobile_phone_0008,0.04140415179079974,0.03312241623728591,66,34,-32
Mobile_phone,Compression,Mobile_phone_0009,0.3847645301676914,0.2068100514574766,60,46,-14
Mobile_phone,Compression,Mobile_phone_0010,0.7123734824536001,0.5224355788202081,71,56,-15
Mobile_phone,Compression,Mobile_phone_0011,0.2858499727432987,0.12767384642017265,27,16,-11
Mobile_phone,Compression,Mobile_phone_0012,0.21229767897458643,0.09851785959826577,73,44,-29
Mobile_phone,Compression,Mobile_phone_0013,0.6205326372430859,0.34866415488544367,48,65,17
Mobile_phone,Compression,Mobile_phone_0014,0.29705195005064317,0.14657933406792117,61,51,-10
Mobile_phone,Compression,Mobile_phone_0015,0.3727793818294724,0.17215694784518318,101,70,-31
Mobile_phone,Compression,Mobile_phone_0016,0.6487244419528911,0.4096990391201854,66,78,12
Mobile_phone,Compression,Mobile_phone_0017,0.36124267659271236,0.14959792372092817,10,54,44
Mobile_phone,Compression,Mobile_phone_0018,0.17447010172244723,0.09163641079260089,50,34,-16
Mobile_phone,Compression,Mobile_phone_0019,0.7701024291311617,0.49506813270014965,54,52,-2
Mobile_phone,Compression,Mobile_phone_0020,0.3409712871827487,0.17948414189432974,35,37,2
Mobile_phone,Compression,Mobile_phone_0021,0.2912557174572877,0.11253610144572838,46,50,4
Mobile_phone,Compression,Mobile_phone_0022,0.21360837796823448,0.10074767578669419,54,39,-15
Mobile_phone,Compression,Mobile_phone_0023,0.30646805026011786,0.15567714313251027,37,37,0
Mobile_phone,Compression,Mobile_phone_0024,0.327201477514241,0.09422202883607153,40,45,5
Mobile_phone,Compression,Mobile_phone_0025,0.36220105756506127,0.1815232675674094,38,27,-11
Mobile_phone,Compression,Mobile_phone_0026,0.5926963370934106,0.311158059156428,23,50,27
Mobile_phone,Compression,Mobile_phone_0027,0.23029176290969083,0.11317541429611441,47,24,-23
Mobile_phone,Compression,Mobile_phone_0028,0.3009586187549033,0.12833486843929048,124,85,-39
Mobile_phone,Compression,Mobile_phone_0029,0.21306535121288747,0.08515996585078989,31,56,25
Mobile_phone,Compression,Mobile_phone_0030,0.259607992953913,0.09384523271015607,27,28,1
Mobile_phone,Compression,Mobile_phone_0031,0.5193370576228732,0.2720338036159548,79,86,7
Mobile_phone,Compression,Mobile_phone_0032,0.7675733309750791,0.48937983407117824,35,34,-1
Mobile_phone,Compression,Mobile_phone_0033,0.33031104246469,0.16528606122593292,42,27,-15
Mobile_phone,Compression,Mobile_phone_0034,0.5843604943437413,0.30629986872404324,30,28,-2
Mobile_phone,Compression,Mobile_phone_0035,0.5099244248976081,0.2804277175960077,75,59,-16
Mobile_phone,Compression,Mobile_phone_0036,0.4091420740546741,0.20845993774573707,61,67,6
Mobile_phone,Compression,Mobile_phone_0037,0.3216480686084466,0.16599383369778184,18,58,40
Mobile_phone,Compression,Mobile_phone_0038,0.23305449193895594,0.11361793515331249,92,62,-30
Mobile_phone,Compression,Mobile_phone_0039,0.43991067662767125,0.21687459952906266,54,56,2
Mobile_phone,All,Mobile_phone_0000,0.039395356827940965,0.012639499557915103,24,22,-2
Mobile_phone,All,Mobile_phone_0001,0.19989682625679855,0.039761348341210784,51,30,-21
Mobile_phone,All,Mobile_phone_0002,0.3890748932375543,0.09420835402409748,54,36,-18
Mobile_phone,All,Mobile_phone_0003,0.11954233522254212,0.015138751980258285,41,26,-15
Mobile_phone,All,Mobile_phone_0004,0.18379150574327682,0.011786517466433295,37,14,-23
Mobile_phone,All,Mobile_phone_0005,0.029400680934978274,0.014323557237464521,5,6,1
Mobile_phone,All,Mobile_phone_0006,0.1562491713025594,0.03406383274991197,54,31,-23
Mobile_phone,All,Mobile_phone_0007,0.10024274973320849,0.013044051148785771,60,49,-11
Mobile_phone,All,Mobile_phone_0008,0.03352244950520157,0.010917452941369,66,32,-34
Mobile_phone,All,Mobile_phone_0009,0.19406570816639293,0.037524004633402525,60,36,-24
Mobile_phone,All,Mobile_phone_0010,0.15305444606943197,0.018416890499755575,71,50,-21
Mobile_phone,All,Mobile_phone_0011,0.07830802799913238,0.009461298188459366,27,15,-12
Mobile_phone,All,Mobile_phone_0012,0.10969218695539208,0.024156360946814594,73,46,-27
Mobile_phone,All,Mobile_phone_0013,0.3744149715273399,0.07000064646340338,48,47,-1
Mobile_phone,All,Mobile_phone_0014,0.0711943433199491,0.016512280154714332,61,27,-34
Mobile_phone,All,Mobile_phone_0015,0.16736477805933975,0.037519421235147864,101,56,-45
Mobile_phone,All,Mobile_phone_0016,0.25825718123816954,0.028788778528377953,66,66,0
Mobile_phone,All,Mobile_phone_0017,0.07969113939693498,0.004640430726215105,10,63,53
Mobile_phone,All,Mobile_phone_0018,0.054264050509926026,0.011542151286873619,50,27,-23
Mobile_phone,All,Mobile_phone_0019,0.2075999949244437,0.04518403730240023,54,27,-27
Mobile_phone,All,Mobile_phone_0020,0.0848009958978935,0.01065150208953774,35,32,-3
Mobile_phone,All,Mobile_phone_0021,0.10395614652903129,0.014596626213778083,46,43,-3
Mobile_phone,All,Mobile_phone_0022,0.04750875990906297,0.00684546123969576,54,36,-18
Mobile_phone,All,Mobile_phone_0023,0.06877908504823103,0.011676570065574633,37,37,0
Mobile_phone,All,Mobile_phone_0024,0.21794707629281862,0.035618679975799004,40,38,-2
Mobile_phone,All,Mobile_phone_0025,0.10737970712875704,0.025686750583061073,38,21,-17
Mobile_phone,All,Mobile_phone_0026,0.07142529416539085,0.00790564804489436,23,28,5
Mobile_phone,All,Mobile_phone_0027,0.07235133976182012,0.03117925619546063,47,32,-15
Mobile_phone,All,Mobile_phone_0028,0.17353858417791293,0.031191220860813645,124,95,-29
Mobile_phone,All,Mobile_phone_0029,0.09755522762074906,0.014680919066546502,31,53,22
Mobile_phone,All,Mobile_phone_0030,0.08275138041765245,0.0052452705795107135,27,25,-2
Mobile_phone,All,Mobile_phone_0031,0.34095511386563415,0.06042327969754196,79,64,-15
Mobile_phone,All,Mobile_phone_0032,0.15977524234375018,0.03106315798609708,35,17,-18
Mobile_phone,All,Mobile_phone_0033,0.09031811354798298,0.013934944598389525,42,27,-15
Mobile_phone,All,Mobile_phone_0034,0.06937784458162892,0.015030093952107528,30,11,-19
Mobile_phone,All,Mobile_phone_0035,0.26830832883132577,0.08609811838853944,75,35,-40
Mobile_phone,All,Mobile_phone_0036,0.19168104937195318,0.03795332837394159,61,58,-3
Mobile_phone,All,Mobile_phone_0037,0.05941844330892318,0.007272643958348973,18,34,16
Mobile_phone,All,Mobile_phone_0038,0.09544313837336578,0.020378988870911014,92,52,-40
Mobile_phone,All,Mobile_phone_0039,0.22186777134960473,0.032503018146801156,54,36,-18
Train,Gaussian,Train_0000,0.6431740100242099,0.3097332201498307,149,136,-13
Train,Gaussian,Train_0001,0.6201642282973943,0.2997677764293306,34,55,21
Train,Gaussian,Train_0002,0.5686810892588212,0.2957391488806458,45,67,22
Train,Gaussian,Train_0003,0.5691086539667766,0.3005736065016014,22,29,7
Train,Gaussian,Train_0004,0.6406248875404542,0.29879868961868866,54,59,5
Train,Gaussian,Train_0005,0.6059984651316715,0.2605957287337262,58,66,8
Train,Gaussian,Train_0006,0.6070677190034158,0.2888356392444953,46,70,24
Train,Gaussian,Train_0007,0.4184566167296425,0.20996775871417184,77,57,-20
Train,Gaussian,Train_0008,0.4111414867217318,0.1835243020407789,36,36,0
Train,Gaussian,Train_0009,0.4831807678782542,0.2523336865747913,51,46,-5
Train,Gaussian,Train_0010,0.5890618724969321,0.2932039447732014,34,26,-8
Train,Gaussian,Train_0011,0.5708820940434927,0.251515332105798,67,70,3
Train,Gaussian,Train_0012,0.32523332386783516,0.14939558023100602,81,55,-26
Train,Gaussian,Train_0013,0.5000377371486839,0.21897277358852563,42,31,-11
Train,Gaussian,Train_0014,0.3952600489896485,0.18883733160493915,114,78,-36
Train,Gaussian,Train_0015,0.45935557538010074,0.2073524360748607,40,33,-7
Train,Gaussian,Train_0016,0.5592636246837508,0.30315510430717335,77,67,-10
Train,Gaussian,Train_0017,0.5107324501608024,0.25336803702251426,108,117,9
Train,Gaussian,Train_0018,0.36847238927610476,0.1512706391314769,40,38,-2
Train,Gaussian,Train_0019,0.5996681424544795,0.34794684849759633,43,34,-9
Train,Gaussian,Train_0020,0.5796558822233479,0.30388729270579834,69,62,-7
Train,Gaussian,Train_0021,0.31921808213489367,0.11804832620167287,39,28,-11
Train,Gaussian,Train_0022,0.5533279048631804,0.2341763907803278,44,42,-2
Train,Gaussian,Train_0023,0.630751509258786,0.3342831146433354,48,45,-3
Train,Gaussian,Train_0024,0.5553340046611972,0.29602402525068827,63,56,-7
Train,Gaussian,Train_0025,0.6131055116900104,0.32900310393822335,55,54,-1
Train,Gaussian,Train_0026,0.5329865569535669,0.3082547603214059,89,74,-15
Train,Gaussian,Train_0027,0.4943561774619732,0.24772286501257673,53,46,-7
Train,Gaussian,Train_0028,0.524253758521914,0.20289318643713056,62,54,-8
Train,Gaussian,Train_0029,0.6446258870039493,0.3507133795728366,47,44,-3
Train,Gaussian,Train_0030,0.7141683884787668,0.4695576583876903,77,66,-11
Train,Gaussian,Train_0031,0.4981325057913706,0.23465694540055995,91,91,0
Train,Gaussian,Train_0032,0.5936540210532701,0.2863860779083432,65,85,20
Train,Gaussian,Train_0033,0.6146767812517315,0.33194500061610105,54,61,7
Train,Gaussian,Train_0034,0.5729080353132933,0.29330679454332653,56,73,17
Train,Gaussian,Train_0035,0.6390749201707133,0.33519006626611136,72,65,-7
Train,Gaussian,Train_0036,0.6192773152454499,0.32478345755312144,55,47,-8
Train,Gaussian,Train_0037,0.457758959216302,0.22208746319226,106,83,-23
Train,Gaussian,Train_0038,0.5367799072414919,0.2760876027692144,39,40,1
Train,Gaussian,Train_0039,0.3404283871096932,0.15908391089514293,84,52,-32
Train,Motion,Train_0000,0.15921463803951594,0.04582748730813766,149,70,-79
Train,Motion,Train_0001,0.31427995112487667,0.11180246964904479,34,25,-9
Train,Motion,Train_0002,0.3190144696910064,0.1208119071176477,45,44,-1
Train,Motion,Train_0003,0.2578057040631978,0.07168267626039454,22,16,-6
Train,Motion,Train_0004,0.36253703291600864,0.10731459210493971,54,43,-11
Train,Motion,Train_0005,0.42439987148472735,0.10383501259893776,58,48,-10
Train,Motion,Train_0006,0.21348818239127737,0.07981927337451408,46,31,-15
Train,Motion,Train_0007,0.2246851735504249,0.09286856398705087,77,52,-25
Train,Motion,Train_0008,0.23522427064161328,0.09103417800171769,36,19,-17
Train,Motion,Train_0009,0.29775837110592035,0.07552371028106757,51,33,-18
Train,Motion,Train_0010,0.48660953238406107,0.15834553693659564,34,33,-1
Train,Motion,Train_0011,0.3301083575044652,0.1306657481764928,67,52,-15
Train,Motion,Train_0012,0.09505253433604102,0.03240144806355285,81,26,-55
Train,Motion,Train_0013,0.384634312795965,0.09387397727074724,42,29,-13
Train,Motion,Train_0014,0.15906269243403892,0.04742431037123977,114,36,-78
Train,Motion,Train_0015,0.24861440077369396,0.05496634294342011,40,27,-13
Train,Motion,Train_0016,0.3384196025039064,0.1367831545712113,77,55,-22
Train,Motion,Train_0017,0.1880939905004629,0.0734119954679727,108,60,-48
Train,Motion,Train_0018,0.2680043589259966,0.07866454760761396,40,27,-13
Train,Motion,Train_0019,0.26018439101142155,0.054421076991317485,43,26,-17
Train,Motion,Train_0020,0.32047044510554273,0.11330385284817364,69,43,-26
Train,Motion,Train_0021,0.16825787567661996,0.04341895051638944,39,23,-16
Train,Motion,Train_0022,0.3716533840002315,0.1085377535055597,44,36,-8
Train,Motion,Train_0023,0.3565167867879557,0.12122062931680981,48,32,-16
Train,Motion,Train_0024,0.27420909598372756,0.10026364916499265,63,43,-20
Train,Motion,Train_0025,0.2830416529995171,0.0966279762390425,55,32,-23
Train,Motion,Train_0026,0.1814112822667989,0.05360132152845318,89,34,-55
Train,Motion,Train_0027,0.22759637565747579,0.09524057732751035,53,25,-28
Train,Motion,Train_0028,0.35652293132415147,0.1386148895579046,62,50,-12
Train,Motion,Train_0029,0.379346900154198,0.16108388876999918,47,44,-3
Train,Motion,Train_0030,0.4210136287557295,0.1449447481805353,77,50,-27
Train,Motion,Train_0031,0.21851225351553316,0.07702026737201662,91,35,-56
Train,Motion,Train_0032,0.2781214229201241,0.1132295471886815,65,49,-16
Train,Motion,Train_0033,0.3236595443420835,0.12942584790537393,54,38,-16
Train,Motion,Train_0034,0.31736757664533766,0.11633313021765347,56,46,-10
Train,Motion,Train_0035,0.3491951417301399,0.1320080868493249,72,45,-27
Train,Motion,Train_0036,0.34253712812185677,0.16665328311555327,55,40,-15
Train,Motion,Train_0037,0.23009479628309054,0.07484308005612281,106,59,-47
Train,Motion,Train_0038,0.3708867886775196,0.14375677307346704,39,35,-4
Train,Motion,Train_0039,0.34063886863707904,0.1210513963990462,84,53,-31
Train,Compression,Train_0000,0.48367685545918776,0.288267844084182,149,102,-47
Train,Compression,Train_0001,0.24801590875884572,0.10291307924548032,34,40,6
Train,Compression,Train_0002,0.28973607718824634,0.12494908924530786,45,36,-9
Train,Compression,Train_0003,0.40832437889155865,0.24794428947416575,22,30,8
Train,Compression,Train_0004,0.31709878986469925,0.14370034395966724,54,45,-9
Train,Compression,Train_0005,0.2980596353055282,0.13144476040267936,58,52,-6
Train,Compression,Train_0006,0.32388585703306594,0.18870198903534743,46,36,-10
Train,Compression,Train_0007,0.5387993375299908,0.30409259495185853,77,64,-13
Train,Compression,Train_0008,0.31046461593314834,0.18374675216930866,36,43,7
Train,Compression,Train_0009,0.09210703282643722,0.03326051322003339,51,27,-24
Train,Compression,Train_0010,0.2173474196581936,0.0815761697503517,34,44,10
Train,Compression,Train_0011,0.3914434468347354,0.22146696181440975,67,51,-16
Train,Compression,Train_0012,0.2982210496510251,0.19784184969873997,81,50,-31
Train,Compression,Train_0013,0.08529144015242804,0.030226597117213296,42,23,-19
Train,Compression,Train_0014,0.2783845111483861,0.12378254637126912,114,59,-55
Train,Compression,Train_0015,0.22522520380154692,0.09817844314076703,40,39,-1
Train,Compression,Train_0016,0.28573202983900914,0.13834295861688306,77,65,-12
Train,Compression,Train_0017,0.2424786811966155,0.128167746295252,108,58,-50
Train,Compression,Train_0018,0.11648822625295589,0.047447280426808965,40,20,-20
Train,Compression,Train_0019,0.39946393452525286,0.22108015091855257,43,37,-6
Train,Compression,Train_0020,0.33546032335185216,0.17521877280439627,69,53,-16
Train,Compression,Train_0021,0.1217663317002826,0.06128022889741892,39,22,-17
Train,Compression,Train_0022,0.3870679887442419,0.16148266712572315,44,39,-5
Train,Compression,Train_0023,0.3964561795446859,0.2529848886562503,48,41,-7
Train,Compression,Train_0024,0.2696973586450136,0.12943754544785055,63,45,-18
Train,Compression,Train_0025,0.064127772851288,0.023027771241398706,55,35,-20
Train,Compression,Train_0026,0.3388986336175197,0.1952446685178167,89,69,-20
Train,Compression,Train_0027,0.3845970212222902,0.22594795946816898,53,39,-14
Train,Compression,Train_0028,0.38492234436995576,0.18350695575310558,62,63,1
Train,Compression,Train_0029,0.26836954219865755,0.14681540343123728,47,36,-11
Train,Compression,Train_0030,0.4053531872111434,0.18916347725095342,77,47,-30
Train,Compression,Train_0031,0.06498248109930062,0.024364869709542877,91,53,-38
Train,Compression,Train_0032,0.43349410239725894,0.2567140620220278,65,52,-13
Train,Compression,Train_0033,0.3627145924778167,0.20499902720063853,54,47,-7
Train,Compression,Train_0034,0.3854823619089097,0.17764053154046971,56,49,-7
Train,Compression,Train_0035,0.5226116774006281,0.29308107652166604,72,65,-7
Train,Compression,Train_0036,0.25799347968467373,0.14808933062251134,55,51,-4
Train,Compression,Train_0037,0.27781619483975784,0.15211848564714103,106,63,-43
Train,Compression,Train_0038,0.422413121926879,0.26723344263532534,39,36,-3
Train,Compression,Train_0039,0.27220010030883657,0.1316242258966215,84,38,-46
Train,All,Train_0000,0.05339270337359832,0.007318122280373617,149,63,-86
Train,All,Train_0001,0.05902127385332337,0.014239086389633997,34,35,1
Train,All,Train_0002,0.053173122088021614,0.00774392581919163,45,34,-11
Train,All,Train_0003,0.02715721294425409,0.0021960719317145935,22,23,1
Train,All,Train_0004,0.17965464399127343,0.03492867809249746,54,48,-6
Train,All,Train_0005,0.0931883363834177,0.0108031163075192,58,29,-29
Train,All,Train_0006,0.06454108185542247,0.01024130572106613,46,18,-28
Train,All,Train_0007,0.07409232791140691,0.017149464080639852,77,25,-52
Train,All,Train_0008,0.08659647899091026,0.02376233773204501,36,41,5
Train,All,Train_0009,0.08255270751792604,0.007851529621684734,51,26,-25
Train,All,Train_0010,0.11522893866519655,0.01989820369414953,34,31,-3
Train,All,Train_0011,0.10326121993911994,0.02217086177260717,67,44,-23
Train,All,Train_0012,0.04867170934432782,0.011001197798556517,81,31,-50
Train,All,Train_0013,0.0637563681387615,0.009076629856599187,42,29,-13
Train,All,Train_0014,0.12672307564380053,0.025739786856568084,114,54,-60
Train,All,Train_0015,0.07131986854120934,0.009685068446729403,40,30,-10
Train,All,Train_0016,0.08966792787088493,0.022692706818143844,77,42,-35
Train,All,Train_0017,0.06387752846326757,0.012197999744230493,108,57,-51
Train,All,Train_0018,0.035572104138093974,0.006283019589490245,40,27,-13
Train,All,Train_0019,0.0763817267766389,0.014395773523556338,43,22,-21
Train,All,Train_0020,0.09060368386456621,0.022138935919895998,69,35,-34
Train,All,Train_0021,0.07194625009965601,0.011791837964980399,39,29,-10
Train,All,Train_0022,0.12840450321031135,0.030229981869431075,44,35,-9
Train,All,Train_0023,0.1638401576730256,0.03896785430187965,48,38,-10
Train,All,Train_0024,0.08216195443093137,0.012954702693078711,63,37,-26
Train,All,Train_0025,0.07582078962545966,0.01581163010910915,55,44,-11
Train,All,Train_0026,0.08369322869113695,0.01807359612449903,89,34,-55
Train,All,Train_0027,0.08462426360776325,0.026219561327959967,53,10,-43
Train,All,Train_0028,0.11611117402346022,0.03183548370243719,62,46,-16
Train,All,Train_0029,0.0718514046914443,0.02209529801496847,47,40,-7
Train,All,Train_0030,0.16523150317024873,0.03301384273760558,77,31,-46
Train,All,Train_0031,0.02608283192642475,0.006424799735557533,91,57,-34
Train,All,Train_0032,0.11927652154827516,0.03440273652313545,65,36,-29
Train,All,Train_0033,0.0666853455901075,0.014331858568437784,54,28,-26
Train,All,Train_0034,0.146168406345863,0.04385337191225842,56,28,-28
Train,All,Train_0035,0.1830794069033935,0.03309458532877333,72,42,-30
Train,All,Train_0036,0.11596360516928435,0.0291261889811627,55,56,1
Train,All,Train_0037,0.0922446596227892,0.02557939494570945,106,43,-63
Train,All,Train_0038,0.26091232668891295,0.047827128847745606,39,42,3
Train,All,Train_0039,0.07882801284979782,0.01992806782373956,84,30,-54
